seed,n_samples,cor,model,r2_mean,r2_std,imp_V0,imp_std_V0,tr_V0,imp_V1,imp_std_V1,tr_V1,imp_V2,imp_std_V2,tr_V2,imp_V3,imp_std_V3,tr_V3,imp_V4,imp_std_V4,tr_V4,imp_V5,imp_std_V5,tr_V5,imp_V6,imp_std_V6,tr_V6,imp_V7,imp_std_V7,tr_V7,imp_V8,imp_std_V8,tr_V8,imp_V9,imp_std_V9,tr_V9,imp_V10,imp_std_V10,tr_V10,imp_V11,imp_std_V11,tr_V11,imp_V12,imp_std_V12,tr_V12,imp_V13,imp_std_V13,tr_V13,imp_V14,imp_std_V14,tr_V14,imp_V15,imp_std_V15,tr_V15,imp_V16,imp_std_V16,tr_V16,imp_V17,imp_std_V17,tr_V17,imp_V18,imp_std_V18,tr_V18,imp_V19,imp_std_V19,tr_V19
6,100,0.3,lr,0.72,0.05099019513592786,-0.25951430440164314,1.9420004693593365,0,-0.24509684304599624,2.034395245459596,1,-0.6055333769371679,1.951743030094182,0,0.7785429132049309,2.0756388047483028,0,1.21827548455216,2.346151143000964,1,-1.8310175921671508,2.1193422996461484,0,-0.6199508382928146,0.6573002696261079,0,0.10813096016735169,1.2955675493497747,1,-0.2450968430459966,0.9987149375730922,0,-0.5694897235480509,3.033959403212993,0,2.544681929271671,2.7354829640676974,1,-0.641577030326285,0.8888689400411677,0,-0.38927145660246515,0.2823393952490374,0,-0.324392880502054,1.9672043554171457,1,-1.0741008709956907,1.834958286900694,0,-0.9659699108283393,0.42610855208615744,0,1.8382263228449744,1.5870671782731756,1,-0.5839071849036973,1.7785853891682546,0,-0.7713341825271066,1.2391051074369803,0,0.5190286088032876,2.6180299637478077,1
6,100,0.3,dt,0.59,0.10198039027185568,0.8938826040501053,1.5113254727721455,0,0.007208730677823368,0.014417461355646734,1,-0.02883492271129387,0.05766984542258774,0,-0.007208730677824021,0.14843684968971377,0,-0.23788811236817367,1.3466248499482931,1,0.3388103418577012,0.6776206837154024,0,-0.15859207491211566,0.3171841498242313,0,0.050461114744763794,2.304607634478165,1,-0.3748539952468188,0.7497079904936375,0,0.0,0.0,0,0.24509684304599566,1.473193669230879,1,-0.03604365338911716,0.07208730677823431,0,0.5911159155815215,0.6856257058890531,0,1.4705810582759802,2.143721852069483,1,0.02883492271129363,0.10545463844172068,0,-0.13696588287864522,0.20942572310886584,0,0.9083000654057514,1.6889672923446875,1,-0.7136643371045197,1.4273286742090394,0,0.0,0.0,0,0.41089764863593514,1.5161659011077344,1
6,100,0.3,rf,0.6300000000000001,0.06782329983125264,-0.1081309601673511,2.2208272978315113,0,0.9803873721839867,2.1845427650175555,1,-0.07929603745605762,0.7363498734837849,0,0.3171841498242308,1.9339561381274004,0,1.4922072503094501,1.8332866525732558,1,-0.6271595689706381,1.8431809485487385,0,-0.1297571522008217,0.8519121637023341,0,0.21626192033470293,1.5900113433524146,1,0.10813096016735173,1.797274047765673,0,0.1946357283012327,0.32686645691775584,0,1.2399016765856299,1.7912789180934532,1,0.5406548008367575,1.6520422846261595,0,0.5766984542258746,1.4223320693745658,0,1.4273286742090392,2.4608710315710804,1,-0.18742699762340873,1.5348672535010288,0,0.22347065101252644,0.8850606978234926,0,2.1986628567361466,1.8069341679823918,1,-0.6632032223597552,1.738126471715676,0,-0.5406548008367569,1.1207200084351754,0,1.066892140317868,2.210930743667459,1
6,100,0.3,et,0.6699999999999999,0.024494897427831747,1.1966492925186893,1.3380693568678415,0,0.7713341825271071,1.4971962669930408,1,0.6992468757488727,1.0852911024867515,0,0.8938826040501056,1.4331420723622126,0,1.3624500981086285,0.19662795757758403,1,0.5694897235480514,0.36287922521823346,0,0.2450968430459965,0.6663300818567292,0,0.09371349881170461,0.4934690763964339,1,-0.3892714566024657,0.21189254224577958,0,-0.7280817984601664,0.3235106136474985,0,1.9175223603010323,1.8316986054285491,1,0.6992468757488722,0.905147927709996,0,0.6055333769371684,0.43931876094442884,0,0.9371349881170461,0.766637577486775,1,-0.27393176575729034,0.3972004061977421,0,-0.01441746135564732,1.1401650768211522,0,2.674439081472493,0.49964356647697084,1,0.5766984542258744,0.7248270260084948,0,-0.06487857610041128,0.8648674442952177,0,1.5859207491211547,1.0772169089899293,1
6,100,0.3,gb,0.6100000000000001,0.1019803902718557,0.389271456602466,1.570345496251962,0,-0.10813096016735128,0.32479311863145577,1,0.13696588287864558,1.2499198976865855,0,-0.6632032223597552,1.981627485317102,0,-0.25230557372381934,2.5095288517667482,1,-0.2378881123681731,0.6098091917833562,0,-0.5334460701589336,0.5124794074088969,0,0.007208730677823738,2.0155332524446443,1,-0.21626192033470293,0.34945618504423814,0,0.32439288050205434,0.48891990216476755,0,1.7156779013219776,1.6612331768334818,1,0.10092222948952889,1.4919460415532153,0,-0.014417461355646588,0.5186279691381791,0,0.6776206837154028,0.9755519587928065,1,0.08650476813388094,1.2543191379412764,0,-0.439732571347229,0.46011809461538183,0,1.7517215547110943,2.9626567594847595,1,0.05046111474476458,1.014255853775976,0,-0.23788811236817303,0.27788698387346883,0,1.2326929459078069,2.0965388278771395,1
6,100,0.3,hgb,0.63,0.024494897427831803,0.5046111474476402,1.0174274892438389,0,0.6992468757488732,1.1070976972622928,1,-0.0648785761004107,0.39837613764806373,0,1.4201199435312162,1.5819181292925906,0,0.050461114744764446,0.8494686991438606,1,-0.4181063793137586,0.7009911452720871,0,-0.15138334423429187,0.631905999116765,0,-0.6055333769371682,1.0098399970615866,1,0.3099754191464076,0.3798118681761404,0,-0.6920381450710489,1.4853134307855218,0,1.6435905945437426,1.3625454483525072,1,-0.10813096016735127,0.9815527976880201,0,0.33881034185770137,0.6776206837154026,0,1.456163596920333,0.6818255119730576,1,-0.4108976486359353,0.26447299311713934,0,0.07929603745605777,0.15859207491211552,0,1.6147556718324487,1.3078234876661352,1,0.36043653389117186,0.4693985337195519,0,0.19463572830123246,0.3892714566024649,0,-0.10092222948952785,0.5170223059374325,1
6,100,0.3,ab,0.6100000000000001,0.03741657386773941,-0.23788811236817278,1.8031339708280347,0,-0.1585920749121154,1.3908554187277082,1,0.18021826694558557,0.8983478406013721,0,0.7280817984601666,1.603258005297171,0,0.3243928805020547,0.9944391060603072,1,-0.5694897235480509,1.424777853737691,0,0.23788811236817314,0.8293487216693936,0,-0.19463572830123263,1.0537083276485473,1,-0.23067938169035015,0.6733895998755378,0,-0.42531510999158223,1.0402575533240874,0,0.1513833442342925,1.4942083337488155,1,0.17300953626776241,0.23624408360065233,0,-0.014417461355646694,0.04889199021647712,0,0.44694130202505267,0.5938349140366159,1,-0.699246875748873,1.2441275090572126,0,0.18021826694558563,0.7512313665718202,0,0.5406548008367573,1.5694517592164512,1,-0.9515524494726929,1.2196609910667187,0,-0.04325238406694036,0.6994326431004533,0,0.007208730677823838,0.5897957711905182,1
6,100,0.3,bag,0.6599999999999999,0.0916515138991168,0.07208730677823363,1.59653449420409,0,1.2399016765856292,1.824051035967127,1,1.124561985740454,0.565506428612537,0,-0.6415770303262862,2.6058738814346336,0,0.7785429132049295,1.3215001351105136,1,-0.13696588287864545,0.1871495333741304,0,0.4181063793137586,0.6768533630257159,0,-0.1874269976234097,0.7970131207034428,1,-0.5406548008367577,1.2899398635177821,0,0.8434214893053413,1.019876175070101,0,2.025653320468383,2.2296313817478,1,0.10813096016735073,0.844375952025866,0,0.44694130202505233,0.5535253787513948,0,0.6776206837154014,1.1835058592581083,1,0.5622809928702267,0.7409929969396868,0,0.28834922711293665,0.5784978297504049,0,2.897909732485018,1.432090144959983,1,0.36043653389117103,0.5380051066473597,0,0.23067938169034946,1.273234084507759,0,0.9443437187948687,1.1782250750097705,1
6,100,0.3,mlp,0.72,0.060000000000000005,0.5190286088032863,1.8551245072448947,0,0.22347065101252603,1.1117349231199756,1,0.18021826694558568,1.069227550935085,0,1.8093914001336806,2.5054254333041954,0,2.1698279340248523,1.201589668408542,1,-0.5334460701589341,1.1198850693617926,0,-0.8866738733722823,1.4071988836093405,0,0.9443437187948687,1.3973413661318208,1,0.09371349881170435,1.0307728680991455,0,0.05766984542258698,1.5910895055453005,0,2.7393176575729035,0.6374735604288003,1,0.28114049643511396,0.6592737931617066,0,0.2162619203347028,1.2231497553445583,0,0.8434214893053411,0.8664282530579104,1,0.18742699762340925,0.9712811624997255,0,-0.20905318965687952,0.6092976783212326,0,1.9968183977570895,1.6052339576845736,1,-0.0360436533891173,0.9614944337645094,0,0.3892714566024653,1.0773133862557167,0,1.0741008709956907,1.35466608064724,1
6,100,0.3,svm,0.69,0.037416573867739396,1.2110667538743358,2.454421947680274,0,1.470581058275979,1.9754289746571687,1,0.48298495541416975,2.5511778327820434,0,1.8310175921671512,1.7677418635235187,0,1.715677901321976,2.8377688155669687,1,-0.39648018728028883,2.5459171201588675,0,0.4685674940585228,1.2049582547590056,0,1.2759453299747465,1.1413039438737826,1,0.8650476813388112,1.520341637392814,0,0.14417461355646843,0.9754454167776576,0,2.5735168519829643,1.5156516967107803,1,0.8145865665940472,1.08217430361232,0,1.275945329974747,0.4719379304160588,0,1.3840762901420987,2.355457575017736,1,0.16580080558993843,1.840782937620705,0,0.6127421076149914,0.5490005722358378,0,1.8598525148784446,1.8090323639802817,1,0.5406548008367569,0.7161720646016744,0,1.1245619857404545,1.0907359804634569,0,1.7805564774223872,2.184447611138035,1
6,100,0.3,knn,0.6799999999999999,0.132664991614216,0.8217952972718703,1.3249952902325746,0,0.38206272592464136,2.2643448112040603,1,0.9587611801505158,0.8877574512480679,0,0.9083000654057519,1.6784736435166552,0,2.54468192927167,1.315588411206745,1,0.9083000654057519,1.5630483122684504,0,0.14417461355646816,1.6170711037628989,0,1.4273286742090385,2.3430703561704656,1,2.0112358591127366,1.0072637389814088,0,0.6920381450710489,0.6323170484018372,0,1.3264064447195105,2.5623361958701762,1,0.8001691052384002,1.992715355301854,0,1.3912850208199217,2.1883692739439216,0,1.326406444719511,1.7858748235964044,1,0.6343682996484613,1.6968255665149152,0,-7.105427357601002e-16,1.5983236934244276,0,2.7321089268950796,3.2474831649059444,1,1.4057024821755684,0.6914371565555412,0,2.04007078182403,1.8635091671821336,0,2.1842453953804983,0.9565091945877057,1
6,100,0.3,SuperLearner,0.7,0.031622776601683784,0.9227175267613988,2.9393240226044224,0,0.8794651426944584,1.6723012241764017,1,0.6199508382928148,2.398937333923987,0,0.8073778359162243,1.0800112506729376,0,0.973178641506163,1.7634152521303363,1,-0.4829849554141698,1.7412628891858113,0,-0.15138334423429245,1.3106019558238,0,0.9875961028618097,0.8519121637023349,1,0.35322780321334807,2.055360693752926,0,0.06487857610041052,1.6180991210973525,0,2.8546573484180784,1.3048399921804223,1,0.8362127586275176,0.893824467234717,0,0.6704119530375786,0.6760851714684426,0,0.8794651426944584,1.7843028272614112,1,-0.2450968430459966,0.985620935014537,0,0.06487857610041048,0.8705568320442769,0,2.660021620116845,1.1233598881379354,1,-0.028834922711293842,0.783532984244715,0,0.2667230350794666,1.353553166215869,0,0.4541500327028761,1.4918067115154112,1
6,100,0.3,TabICL,0.7300000000000001,0.024494897427831803,0.5983246462593441,1.1665232042464868,0,0.4974024167698163,1.8725224306443924,1,0.05046111474476356,1.3735611605085754,0,1.737304093355446,0.780875581357617,0,2.0905318965687942,1.725132241488587,1,-1.0813096016735149,1.1076608192199997,0,-0.22347065101252667,1.2331776482910035,0,0.8434214893053408,1.5384518955894246,1,-0.3243928805020547,1.1221101929784183,0,-0.45415003270287657,1.6939136641403656,0,3.4241470719661287,1.4234277162716966,1,0.028834922711293353,1.4670076883803473,0,-0.5190286088032872,0.6307536360387994,0,0.31718414982423015,2.2058480293447813,1,-0.15138334423429245,1.6612018950796714,0,-0.21626192033470323,0.969031459549196,0,2.8330311563846076,0.8930101544124988,1,-0.18742699762340936,1.4307832281084922,0,-0.30276668846858457,1.1593736803508028,0,0.5839071849036974,1.471605472007784,1
6,250,0.3,lr,0.808,0.009797958971132666,-0.3229511343664896,0.4247257850596929,0,1.1966492925186896,0.6242610930148192,1,0.18166001308115046,0.7492975350031917,0,-0.23644636623260834,0.4658959750341974,0,1.3148724756349939,1.1980693515425744,1,-0.46424225565182875,0.32932461041870786,0,-0.3517860570777833,0.5678064152764156,0,2.047279512501855,0.6186418261020024,1,-0.6545527455463673,0.675476143797414,0,-0.27681525802841966,0.6212169408757637,0,2.0559299893152425,1.2506713532691138,1,-0.25374731985938476,0.31131035095357473,0,-0.1441746135564685,0.3167907023089379,0,0.2941162116551961,0.8662291064137474,1,-0.2076114435213147,0.3273240040913027,0,-0.025951430440164354,0.2537473198593847,0,0.6978051296133081,0.4736832738332746,1,-0.3344851034510071,0.7311458421598617,0,-0.23644636623260848,0.5408835095159068,0,1.6234061486458367,0.7073436346861675,1
6,250,0.3,dt,0.648,0.041182520563948,0.2508638275882555,0.31290873738545155,0,1.3321734292617702,1.334237708563836,1,0.7497079904936369,0.8656722125537767,0,0.10957270630291611,0.21914541260583223,0,0.5247955933455458,0.6844635684429007,1,-0.06920381450710489,0.6425337013003057,0,0.09803873721839865,0.1960774744367973,0,0.30565018073971334,0.6385096319919685,1,-0.1297571522008216,0.16413125746069052,0,0.18166001308115048,0.280840897218175,0,0.3777374875179479,0.33259055341910415,1,0.02306793816903493,0.04613587633806986,0,-0.3719705029756891,0.7439410059513782,0,0.43252384066940586,0.5993919760489043,1,0.24221335077486725,0.6224871467667409,0,0.14129112128533944,0.13990138724551074,0,0.1038057217606577,1.4474843997794817,1,-0.08073778359162254,0.28172767207175375,0,0.0,0.0,0,1.4590470891914624,1.5159986324180805,1
6,250,0.3,rf,0.732,0.03709447398198282,-0.3143006575531015,1.078572587029968,0,0.9256010190325288,0.43438449686525465,1,0.9256010190325286,1.2685530910630323,0,0.011533969084517204,0.5621996577183893,0,0.14705810582759807,1.3650953084779476,1,-0.2941162116551962,0.9222037616695233,0,-0.2422133507748671,0.34618723538835394,0,0.570931469683616,1.388981549270605,1,-0.14129112128533922,0.5300765495085941,0,-0.3200676420953603,0.4402782055439842,0,1.130328970282714,1.3163576471426746,1,-0.34601907253552466,0.5683479570449782,0,0.09803873721839877,0.6146236657556658,0,0.23644636623260862,1.0270495939117894,1,0.14417461355646832,0.3592234256800727,0,0.3258346266376189,1.4046366646925734,0,0.5680479774124864,1.0656288904231517,1,-0.1730095362677621,0.5771308159916365,0,-0.2710482734861609,0.43467151614432925,0,1.6810759940684243,0.6076305753122501,1
6,250,0.3,et,0.74,0.0681175454637056,0.5478635315145806,1.303549010004592,0,1.3119889833638643,1.8314148806781012,1,0.5853489310392623,1.2315449162935723,0,-0.4815432092786054,0.2769653992001842,0,0.937134988117046,1.418725082674095,1,-0.04613587633806996,0.6508905002284421,0,-0.09227175267613977,0.23788374340037016,0,0.7208730677823431,0.816949898516424,1,0.0317184149824228,0.9186717680398628,0,0.1585920749121154,0.6993880634361042,0,0.8044943436450949,1.2362550669428685,1,0.3287181189087486,1.0017137606377688,0,-0.294116211655196,0.5768858507765053,0,0.4873101938208639,1.3289865414667859,1,-0.08938826040501083,0.4420686129276623,0,0.2566308121305139,0.5901234423840742,0,0.6660867146308851,0.9217889354353714,1,0.3316016111798779,0.6090929526577329,0,-0.10668921403178691,0.8758699736303548,0,1.9982601438926544,1.0748350397621675,1
6,250,0.3,gb,0.736,0.0557135531087365,-0.10092222948952796,0.759131025145732,0,2.3067938169034976,1.4543781630640027,1,0.34601907253552466,0.8717021764694669,0,0.07208730677823431,0.17348945268557234,0,0.5276790856166751,1.9224612973704287,1,0.27969875029954927,0.3761382763866379,0,0.13552413674308048,0.2278871209056844,0,1.0640086480467386,1.9161321431501173,1,0.17877652081002088,0.3263063613234502,0,0.3287181189087484,0.4916671411639879,0,1.0380572176065743,0.818779803518598,1,-0.06920381450710475,0.6467898774516556,0,0.325834626637619,0.5217926056708226,0,0.5363295624300634,0.5073143894414733,1,-0.05190286088032858,0.34234716611114996,0,0.2969997039263254,0.9801583622268539,0,1.456163596920333,0.5637208953376422,1,0.16724255172550348,0.21971378585903592,0,-0.14417461355646863,0.6718598868963042,0,1.7704642544734344,1.1769594594587094,1
6,250,0.3,hgb,0.728,0.032496153618543834,-0.031718414982423115,0.5196209886103741,0,1.663775040441648,0.7006708223233495,1,0.23067938169034968,0.6191791915245806,0,0.13264064447195106,0.31048129395315044,0,-0.175893028538892,1.0398738301307333,1,0.02306793816903485,0.481862532187772,0,-0.12110667538743376,0.1926984188010951,0,0.2220289048769616,0.3280851647286464,1,0.02018444589790559,0.07271890815320009,0,-0.26239779667277296,0.5412523147246318,0,0.752591482764766,1.0470055334781085,1,0.14417461355646874,0.40379188669284577,0,-0.21337842806357346,0.20940587138853992,0,0.0346019072535521,0.5863920247048252,1,-0.331601611179878,0.4195456482149737,0,0.2133784280635735,0.5109073124477143,0,1.0294067407931857,0.3769111565084626,1,-0.21337842806357338,0.3822558167081912,0,0.19607747443679724,0.4404858884072676,0,1.3610083519730636,0.33757801520544384,1
6,250,0.3,ab,0.7399999999999999,0.017888543819998333,-0.13840762901420992,0.6088608470219405,0,1.1822318311630435,0.8330748017162176,1,0.862164189067683,0.9277678391183685,0,-0.03460190725355222,0.144347519411395,0,0.7151060832400848,0.7548804335232828,1,0.18166001308115073,0.1667945131275604,0,0.014417461355646897,0.05316897037187512,0,0.9342514958459173,1.0347037459517467,1,-0.32583462663761864,0.3036031189473684,0,-0.08362127586275167,0.21662685478197075,0,0.9486689572015641,0.9359320215445616,1,-0.15282509036985673,0.29130408421137316,0,0.05190286088032873,0.10380572176065746,0,0.8650476813388124,0.42788538122040953,1,-0.5882324233103917,0.50976685655079,0,0.014417461355647199,0.4540012567485482,0,0.2249123971480916,0.7960527881244744,1,-0.20184445897905579,0.32889512779363766,0,0.06632032223597548,0.33373853953352633,0,1.799299177184729,0.4440390853833664,1
6,250,0.3,bag,0.688,0.02039607805437111,-0.5420965469723219,0.8179466878170096,0,1.0668921403178675,1.6797425300964661,1,-0.6660867146308849,1.2466361242731052,0,0.025951430440164354,0.3510762855757622,0,-0.43252384066940586,0.7366744338722855,1,0.432523840669406,0.3738545308826843,0,-0.14417461355646866,0.16183560233965147,0,0.3979219334158533,0.7535575507376063,1,0.031718414982423046,0.2260187117288314,0,-0.16147556718324457,0.34159344465068403,0,0.28258224257067843,0.5354762380273101,1,-0.1585920749121155,0.6211232440052097,0,-0.1931939821656678,0.5786846436061246,0,-0.0346019072535525,0.741769629734876,1,-0.13264064447195115,0.12076291461628676,0,0.10092222948952803,0.6860651658789364,0,0.26239779667277274,0.9774741088903306,1,-0.2047279512501854,0.7159195095552618,0,-0.4411743174827937,0.5899261567995228,0,1.0063388026241507,0.6181308962503954,1
6,250,0.3,mlp,0.792,0.032496153618543834,0.2854657348418081,0.9062335001717097,0,1.9492407752834555,1.4208742813929809,1,0.8160283127296127,0.7782545105600261,0,0.14129112128533938,0.8234579468461726,0,1.5311343959696966,1.8232565834015473,1,0.547863531514581,0.7278176683372692,0,-0.09515524494726928,0.6857984927182876,0,2.459618907273355,1.3193859942266912,1,-0.011533969084517374,0.7994297063631517,0,0.031718414982423136,0.7763719272774414,0,2.3125608014457564,1.3478776594095594,1,-0.11822318311630411,0.77358245525096,0,0.15859207491211574,0.5897429039476746,0,0.9111835576768819,0.6689080597853095,1,-0.05190286088032857,0.40158259279499187,0,0.17877652081002118,0.5687574296896256,0,1.208183261603207,1.0150711935261918,1,0.4584752711095703,0.6128625239894674,0,-0.4325238406694057,0.06575374052010018,0,2.128017296093477,1.1623585890376076,1
6,250,0.3,svm,0.792,0.016000000000000014,0.5247955933455455,0.48082611888820326,0,1.3610083519730636,1.0167571555341448,1,0.5449800392434512,0.9789615509498462,0,-0.17877652081002143,0.41412008871760086,0,1.4215616896667802,0.8524902381809405,1,-0.3575530416200426,0.8233064765892373,0,-0.27969875029954944,0.5950482969313913,0,1.5196004268851788,0.8661331157765567,1,0.17589302853889138,0.5252706792269709,0,0.41810637931375877,0.7675724273573067,0,1.3956102592266157,1.444926004324044,1,-0.5046111474476405,0.33279048764420666,0,0.210494935792444,0.23875594601612823,0,0.5247955933455455,1.1178359032368013,1,-0.04036889179581149,0.5541559033762963,0,0.4094559025003706,0.42726311529403627,0,1.1533969084517488,0.9677113476317016,1,-0.13552413674308078,0.38238630171513543,0,-0.03171841498242328,0.38883334642314415,0,1.8800369607763507,0.6778108448209846,1
6,250,0.3,knn,0.664,0.06858571279792897,0.2162619203347035,2.163445646552446,0,0.6805041759865322,1.8686142342241783,1,-0.11533969084517426,1.4898756505512947,0,-1.049591186691091,1.096083647472314,0,1.1706978620785256,1.4386112547723806,1,-0.17877652081002052,1.4153688708408736,0,-0.5190286088032866,1.5594069096570164,0,0.8506302199831653,1.4102606214799263,1,-0.3662035184334297,1.531500897733322,0,-0.3316016111798773,1.545670205088924,0,1.1216784934693265,2.02077886876354,1,-0.30276668846858346,0.8912277088640864,0,-0.9429019726593042,1.0455433233244795,0,0.23356287396147976,1.3613748482551578,1,-0.5305625778878041,1.9568781580198342,0,-0.2595143044016428,1.8655325915242884,0,0.360436533891172,1.5152470666230675,1,-0.10957270630291571,1.860681613513738,0,-0.7727759286626712,1.692184999956082,0,1.2543191379412773,2.2050704718664247,1
6,250,0.3,SuperLearner,0.8119999999999999,0.02399999999999997,0.0028834922711291843,0.4340015092252258,0,1.6926099631529414,0.45915483640578053,1,0.7064556064266959,0.6686967163854677,0,-0.04036889179581147,0.6662926465308837,0,1.7214448858642353,0.7910760015238555,1,-0.20184445897905606,0.4478240810689251,0,-0.043252384066940805,0.8382982042901334,0,2.1251338038223477,0.3022307083451384,1,0.01441746135564655,0.5415287537990645,0,0.1297571522008216,0.2639616296714627,0,2.070347450670889,1.4835448639806665,1,-0.13552413674308056,0.4508402639606909,0,0.17012604399663278,0.3481033271519506,0,0.6747371914442729,0.5726037761322881,1,0.06055333769371659,0.5272455958801162,0,0.3027666884685839,0.3908169308495552,0,1.1851153234341716,0.8161556655248307,1,-0.2566308121305143,0.38334183462676324,0,-0.0692038145071049,0.3919216558409892,0,2.0645804661286307,0.4344801910256167,1
6,250,0.3,TabICL,0.8240000000000001,0.023323807579381177,0.02883492271129371,0.5804348899738003,0,1.8829204530474803,0.9145081087586889,1,0.5276790856166751,0.49580976726742604,0,-0.09803873721839862,0.1609081700481427,0,2.0905318965687947,1.3896219101385783,1,-0.23644636623260845,0.1980184651184275,0,-0.2739317657572904,0.45783101986855357,0,2.4567354150022256,0.9461018928564034,1,-0.21049493579244422,0.4910918344040022,0,-0.16435905945437415,0.38260367783508265,0,2.4192500154775436,1.3392385984055857,1,-0.19031048989453853,0.6606533250587878,0,-0.18166001308115046,0.27485595951196773,0,0.7727759286626716,0.9225192653678599,1,-0.21337842806357354,0.30371264388561664,0,0.23932985850373795,0.536252043594844,0,1.2427851688567593,0.4126921188358767,1,-0.11533969084517486,0.5047347105595068,0,0.02595143044016432,0.6345255615522077,0,2.1251338038223473,0.761951579577393,1
6,500,0.3,lr,0.808,0.042614551505325025,0.12254842152299852,0.10951578048404115,0,2.4105995386641554,1.1377706588966146,1,0.03748539952468198,0.16573183816985568,0,0.13552413674308064,0.41821573885653257,0,1.359566605837499,0.7619270268509547,1,0.2566308121305142,0.2763718663519305,0,0.11389794470961039,0.17470727261536723,0,3.2338365820715915,0.9656535356127491,1,0.0937134988117047,0.20029377435338142,0,-0.22058715874139692,0.15014939826047505,0,1.6118721795613191,0.9444988863561253,1,-0.0014417461355645408,0.23687674016818883,0,0.18021826694558568,0.36567525398365736,0,2.5706333597118354,0.7873386074616616,1,0.14561635969203343,0.33488879733451105,0,0.15715032877655077,0.31781919308324835,0,2.7162497194038693,1.112177958248761,1,0.08794651426944593,0.06534148729926388,0,-0.011533969084517369,0.09784773181238658,0,2.0689057045353247,0.686034867331176,1
6,500,0.3,dt,0.652,0.02135415650406264,0.2869074809773724,0.2133297148633719,0,1.4244451819379094,1.3612908682389002,1,0.2667230350794668,0.2494262483142305,0,0.0648785761004116,0.25596577525126857,0,0.6329265535128968,0.6395797760635447,1,-0.15859207491211566,0.28034456098363664,0,0.09948048335396344,0.22711048511326262,0,1.1779065927563477,1.053063062917223,1,-0.007208730677823532,0.18162568254827624,0,-0.19463572830123277,0.43744583036235435,0,0.7713341825271067,0.6646903147119025,1,-0.05478635315145809,0.12306466659794287,0,0.10092222948952823,0.22190716565933094,0,1.2168337384165948,0.41031294603163077,1,0.01874269976234073,0.3035072522046658,0,0.0908300065405753,0.18900626488843755,0,1.5239256652918727,1.5436153151020955,1,0.17156779013219764,0.42733608395307265,0,0.13552413674308056,0.20969353739044969,0,0.09659699108283426,0.221137727527832,1
6,500,0.3,rf,0.724,0.043174066289845825,0.49884416290538186,0.5886386575608855,0,1.3509161290241116,1.0474719777330095,1,-0.40945590250037106,0.5853098676483939,0,-0.10957270630291627,0.5224295986513019,0,0.5089363858543348,0.5564206231523888,1,0.005766984542258752,0.3268155788013428,0,-0.011533969084517376,0.4262695014514214,0,1.6753090095261662,0.7299080988300936,1,-0.027393176575728893,0.41549812927996643,0,0.14129112128533933,0.47661868190962137,0,0.10092222948952853,1.0478925918574553,1,-0.1946357283012328,0.12242114253260071,0,-0.06199508382928122,0.3687207606323561,0,1.277387076110313,0.664430704869354,1,0.025951430440164402,0.43010455275469983,0,-0.10668921403178663,0.6336863804125851,0,1.215391992281031,0.7669303486688889,1,-0.10668921403178659,0.4989441583954093,0,-0.02162619203347018,0.2250694556712674,0,0.8044943436450955,0.34271734014856,1
6,500,0.3,et,0.76,0.021908902300206663,0.9054165731346242,0.6673057781622678,0,2.0198863359261265,0.1494416988065987,1,0.0605533376937176,0.46184509637189236,0,0.2941162116551968,0.2845906079056613,0,1.5758285261722036,0.6508585642436034,1,0.3662035184334308,0.11401650768211558,0,0.10668921403178751,0.40700674710121876,0,2.773919564826458,0.9694861058983149,1,0.21770366647026812,0.2776400297140382,0,0.15426683650542208,0.5845316076876224,0,1.0409407098777046,0.6914161124957545,1,0.07929603745605815,0.25859154829112907,0,0.5939994078526514,0.15049509425211743,0,2.2145220642273595,0.6752145239945041,1,-0.03171841498242245,0.26504611739954487,0,0.622834330563945,0.3715008007010555,0,2.0184445897905623,0.585923926641248,1,-0.06776206837153971,0.18393426304093008,0,0.2681647812150323,0.3852026232200023,0,0.813144820458484,0.7005669825369457,1
6,500,0.3,gb,0.756,0.03498571136907183,0.5348878162944992,0.3060579500953201,0,2.0789979274842785,0.9688233662560374,1,0.1859852514878448,0.24663552965820065,0,0.44117431748279434,0.4216805531613928,0,1.352357875159676,0.8760028638550293,1,0.14273286742090435,0.31320752673731395,0,0.020184445897905745,0.14528051662128375,0,2.5619828828984477,0.7816418396850194,1,-0.01153396908451737,0.14240482086579634,0,-0.10092222948952825,0.4592589475046857,0,1.1937658002475604,1.3763700294144072,1,-0.128315406065257,0.2610874473530249,0,-0.17589302853889172,0.26824228324873395,0,1.8944544221319988,0.8847717758719663,1,0.15715032877655102,0.08703180289038505,0,0.37917923365351297,0.5862892170133256,0,1.9795174441303143,0.3696216464650257,1,0.010092222948953044,0.3618926397631019,0,-0.028834922711293433,0.2769879133565828,0,0.8419797431697772,0.5807821588954537,1
6,500,0.3,hgb,0.754,0.028705400188814675,0.601208138530475,0.5555233267361267,0,1.8685029916918345,0.23226883742016616,1,0.02739317657572926,0.40636785577363493,0,0.36908701070456007,0.5330835621466857,0,1.3509161290241123,0.40662864466468857,1,0.35466954934891304,0.43351750410110546,0,0.29123271938406703,0.4522488986640305,0,2.6874147966925763,0.4817115274643669,1,-0.00432523840669366,0.2528857244542361,0,0.10236397562509295,0.344012833626907,0,1.1072610321136798,0.5946848915532589,1,0.07497079904936403,0.20433159504438816,0,0.32295113436648987,0.40292613148571643,0,1.8209253692182,0.6458089346726975,1,0.02739317657572906,0.44722955829624794,0,0.2350046200970441,0.2043315950443889,0,1.6897264708818132,0.3973730645002667,1,0.16003382104768055,0.4049074141232717,0,0.13984937514977458,0.23959027335554361,0,1.2427851688567606,0.5174964946449809,1
6,500,0.3,ab,0.7580000000000001,0.05268775948927797,0.11678143698073931,0.21497977136532842,0,1.4777897889538036,0.9273353284446109,1,-0.43973257134722993,0.46919921844065116,0,0.10236397562509265,0.25581956014129215,0,0.8881156195078461,0.8049334654550994,1,0.15138334423429173,0.4304765215617574,0,0.0,0.0,0,2.7061574964549164,0.7755951024543863,1,0.0,0.0,0,-0.14273286742090469,0.5499538697042367,0,1.252877391805712,1.3822007494075004,1,0.0,0.0,0,0.22491239714809094,0.5206560315012975,0,1.8108331462692462,1.2031058355825588,1,0.0,0.0,0,-0.03460190725355316,0.4059840383785428,0,1.441746135564686,0.8000586936374565,1,-0.04613587633806991,0.10727211336542843,0,-0.06632032223597553,0.13996080597286367,0,0.9717368953705986,0.7740901355382618,1
6,500,0.3,bag,0.686,0.04841487374764082,-0.3171841498242312,0.42576694293033635,0,1.3134307294994294,0.698486944998787,1,-0.010092222948953011,0.34636731927391395,0,0.21049493579244438,0.510170380517841,0,0.9400184803881759,0.4702524166646672,1,0.09948048335396327,0.5478521491900088,0,-0.04181063793137581,0.3581629381647698,0,1.3984937514977454,0.8359890094648074,1,0.01297571522008249,0.22706471793122607,0,-0.2220289048769614,0.38379704576439205,0,-0.004325238406694199,0.5213382733457432,1,0.14417461355646854,0.26682043257589505,0,-1.554312234475219e-16,0.5181267339102846,0,1.1418629393672313,0.6431642276706958,1,-0.12254842152299825,0.07407825772288008,0,-0.08794651426944615,0.35723315644073095,0,0.7497079904936366,0.6024877526452841,1,0.23067938169035002,0.20551837047458116,0,0.030276668846858402,0.2977615923700661,0,0.17877652081002096,0.6108207247168379,1
6,500,0.3,mlp,0.766,0.028000000000000025,0.31574240368866613,0.7869002331950494,0,2.41780826934198,0.8588330583279774,1,0.3863879643313356,0.5547182661699752,0,0.3979219334158533,0.3039794455974053,0,1.4590470891914626,0.883504572806787,1,0.2508638275882549,0.5231055537839008,0,0.563722739005792,0.7412229874662843,0,2.5490071676783654,1.0344325068695084,1,0.5723732158191801,0.6324748203398106,0,0.21482017419913793,0.4955791317303863,0,1.237018184314501,0.5003419968848807,1,0.1600338210476801,0.675660755608727,0,0.40513066409367654,0.45529055506545785,0,2.04583776636629,1.640574071093628,1,0.467125747922958,0.705445662227072,0,0.03748539952468151,0.3287813473074388,0,1.929056329385551,1.2569397155244244,1,0.30853367301084267,0.7485342666880269,0,0.402247171822547,0.6300018200139688,0,1.5369013805119556,1.1021335895782485,1
6,500,0.3,svm,0.788,0.024819347291981694,0.15426683650542133,0.42653761543242463,0,2.2361482562608286,0.8231777049568357,1,0.2306793816903498,0.3860273595263837,0,0.3056501807397135,0.3534660523280849,0,1.6565663097638246,0.8183150905167568,1,-0.018742699762341008,0.4328745233986958,0,0.22491239714809086,0.8330548404179671,0,2.848890363875821,1.1867366173205411,1,0.0418106379313759,0.45515356926717204,0,0.16724255172550354,0.22884285564063267,0,1.260086122483536,1.0833012218548463,1,0.10957270630291624,0.25160019172068615,0,0.26383954280833755,0.8116480146545922,0,1.9045466450809507,0.7437146509011386,1,0.408014156364806,0.5999223302388003,0,0.19175223603010316,0.5746692308007187,0,2.505754783611425,1.2430962259633593,1,0.3287181189087484,0.43923831826525345,0,0.20040271284349118,0.6917136761253059,0,1.705585678373024,0.5013173354761189,1
6,500,0.3,knn,0.6619999999999999,0.02993325909419152,-0.23788811236817303,0.510589869986781,0,0.5983246462593449,0.8783180883101233,1,-0.358994787755607,1.0682687043090313,0,-0.0865047681338813,0.8012918404603399,0,0.7352905291379899,0.6408233157429333,1,-0.26528128894390207,0.6915183205015327,0,-0.3705287568401247,0.637483342556719,0,0.9155087960835756,1.1546487460669757,1,0.014417461355646876,0.5580134958300501,0,-0.439732571347229,0.9146172038889581,0,0.41954812544932396,0.322944697935674,1,-0.5536305160568393,0.8712656914966294,0,-0.1499415980987273,1.1161145270599775,0,0.6242760766995095,1.1843450894959764,1,0.1484998519631629,0.7639975881921662,0,-0.09083000654057524,0.7930861896966283,0,0.6415770303262855,0.8934988311631921,1,-0.5247955933455458,0.7475060941462714,0,-0.6675284607664496,0.7827048428888848,0,0.005766984542258591,0.8346004257870236,1
6,500,0.3,SuperLearner,0.774,0.04223742416388575,-0.37052875684012443,0.5567567364790363,0,1.6277313870525312,1.1701828394579923,1,-0.3460190725355248,0.49939389032255604,0,-0.4815432092786052,0.6697744911959412,0,0.6559944916819325,0.9908373437952537,1,-0.5118198781254637,0.6432191673453947,0,-0.32295113436649,0.744845738270503,0,2.194337618329453,0.913327685473861,1,-0.43396558680497044,0.5878612686089629,0,-0.3762957413823832,0.5604184251362522,0,0.6156255998861211,1.4464357175493912,1,-0.32439288050205467,0.615019227647459,0,-0.5363295624300635,0.7519310831935262,0,1.5311343959696972,0.5901410539611902,1,-0.05190286088032873,0.3094351317093217,0,-0.38206272592464197,0.45953043065007365,0,1.7517215547110943,1.0022158031582113,1,-0.19031048989453864,0.49537356598686316,0,-0.19751922057236232,0.37169658211488144,0,0.9803873721839871,1.1006955138599623,1
6,500,0.3,TabICL,0.808,0.040199502484483556,0.22202890487696192,0.4701153690318532,0,2.5403566908649773,1.075397659695072,1,0.1629173133188099,0.4424681072824204,0,0.2162619203347032,0.26019423824398863,0,1.581595510714461,0.6695447942689922,1,0.28258224257067865,0.24549511985279635,0,0.09227175267613989,0.16945271120524627,0,3.3607102420012835,0.8258500067246862,1,0.11966492925186915,0.25370635785613804,0,-0.08362127586275139,0.2043315950443879,0,1.6969352015596357,0.7822133834648504,1,-0.017300953626776062,0.2784698231150409,0,0.21770366647026768,0.21023802970551145,0,2.592259551745306,0.6442621310153531,1,0.1931939821656683,0.4803719849262809,0,0.35611129548447756,0.5820906069129412,0,2.775361310962021,1.0689650719552977,1,0.22347065101252653,0.17628257768499087,0,0.09659699108283408,0.23241198131322022,0,2.031420305010643,0.6217821686248363,1
6,1000,0.3,lr,0.828,0.023151673805580433,0.0331601611179878,0.054204669707453426,0,2.4783616070356955,0.36345587961504694,1,0.0468567494058524,0.04564897040694629,0,-0.020184445897905485,0.09148558041313067,0,1.7920904465069047,0.5627216617972949,1,0.036764526456899656,0.12629482187974492,0,-0.023067938169034928,0.20582914386833406,0,2.843844252401343,0.6448651811024585,1,0.11461881777739272,0.07031376835535312,0,-0.012975715220082026,0.20057378235545073,0,2.577842090389659,0.4873731061962192,1,0.014417461355646921,0.12675892369803204,0,0.025230557372382036,0.10937333631300389,0,2.73499241916621,0.44181580506411283,1,-0.08722564120166341,0.31979801291936194,0,0.024509684304599797,0.1040007749619188,0,2.640558047286723,0.7170734243114458,1,0.039648018728028964,0.11116414332385434,0,0.14489548662425117,0.273660355383583,0,1.8021826694558576,0.352506193055769,1
6,1000,0.3,dt,0.665,0.014142135623730963,0.1643590594543738,0.25202324544697513,0,0.955156814811604,0.1909293253713335,1,0.02234706510125243,0.22950950191639874,0,0.015859207491211103,0.3438692988387328,0,0.6675284607664492,0.5084450155816771,1,-0.18310175921671504,0.09877276402823544,0,-0.018742699762341254,0.31251655854637017,0,0.9270427651680926,0.28131049714519224,1,-0.039648018728028825,0.17030006416806628,0,0.051181987812545925,0.15018400366743356,0,1.069054759521214,0.11544326983992455,1,0.12254842152299834,0.12090483436691471,0,-3.58046925441613e-16,0.18300807851454431,0,0.671132826105361,0.3428158846609723,1,-0.03460190725355252,0.1430092984918495,0,0.028114049643510875,0.08827089979109594,0,1.0950061899613783,0.4194366354190674,1,-0.15426683650542164,0.16119856582679493,0,-0.08073778359162279,0.4072556430524428,0,0.9933630874040681,0.649300580504724,1
6,1000,0.3,rf,0.794,0.023537204591879635,0.24077160463930253,0.23792524535535853,0,1.9204058525721615,0.5793972157488814,1,0.26744390814724917,0.18597128055481632,0,-0.15354596343763918,0.1330123136484237,0,1.771185127541217,0.3934844551765141,1,0.020905318965687987,0.2714773900987027,0,0.11678143698073946,0.3596614829156974,0,2.5655872482373585,0.6883163919626957,1,-0.07713341825271072,0.24936998980871752,0,0.09515524494726921,0.20300737856121218,0,1.8591316418106623,0.5514815602913936,1,0.0014417461355645963,0.1420796744274337,0,0.14849985196316257,0.2567907313272509,0,2.681647812150316,0.47658379099016196,1,0.08506302199831633,0.156822618121771,0,0.1967983475045796,0.0971602123403729,0,2.245519606141998,0.7067240438650753,1,-0.0490193686091994,0.1880442684506506,0,0.27825700416398436,0.17418298279622976,0,1.603221702747931,0.45993396535922165,1
6,1000,0.3,et,0.783,0.03218695387886216,-0.16580080558993854,0.2721808986831659,0,1.4100277205822633,0.5225927031296475,1,-0.029555795779075772,0.5359602785242338,0,-0.10596834096400402,0.3183011745190407,0,1.025081502386492,0.21007730385997067,1,0.04397325713472331,0.21340034537581953,0,-0.04685674940585185,0.4055383551085778,0,1.973750459588056,0.9474192049825504,1,-0.21337842806357302,0.36483869530479357,0,-0.05983246462593399,0.4444847452148892,0,1.5376222535797381,0.6285360032587083,1,-0.1275945329974743,0.32580432304197915,0,0.09803873721839897,0.3147285912844217,0,2.3781602506139503,0.8129402917381768,1,-0.21698279340248483,0.2726997168113976,0,-0.08938826040501015,0.3198954954743105,0,1.624127021713619,0.8635313174050322,1,-0.2890701001807191,0.4453187176887772,0,-0.11750231004852156,0.34216496639657623,0,0.7821472785438426,0.23857522615183738,1
6,1000,0.3,gb,0.8039999999999999,0.023108440016582663,0.01081309601673514,0.2857695776916159,0,1.7236075050675823,0.3436939540238019,1,0.05334460701589332,0.2082612148973685,0,0.04974024167698164,0.12033183265723875,0,1.650078452153783,0.7216742334330094,1,0.05118198781254647,0.08367718697800372,0,-0.20689057045353249,0.2113842734351823,0,2.500708672136948,0.2772823051536246,1,0.05118198781254633,0.11191888109876298,0,-0.013696588287864565,0.06240446218841522,0,2.1114372155344827,0.7828309786371881,1,0.022347065101252638,0.10671356507266969,0,0.1456163596920332,0.19443003729479072,0,2.583609074931917,0.5648876535747823,1,-0.011533969084517398,0.13626979948653428,0,0.05622809928702273,0.07545444206459699,0,2.2015463490072755,0.6922010732414643,1,-0.08866738733722801,0.08058316273425004,0,-0.07064556064266951,0.21564348815860007,0,1.6183600371713598,0.6715156081717274,1
6,1000,0.3,hgb,0.8019999999999999,0.015033296378372876,0.24581771611377917,0.3474383841376599,0,1.779835604354605,0.549366766005812,1,0.022347065101252762,0.35239118816709064,0,0.16580080558993918,0.21456118110054112,0,1.7791147312868225,0.5934217286179304,1,-0.06992468757488696,0.13134141121227147,0,-0.054786353151457835,0.3477224479445248,0,2.281563259531116,0.7007353435811371,1,0.07352905291379923,0.23621768613885621,0,-0.016580080558993616,0.18382404575566696,0,1.9312189485888975,0.5642939857620421,1,-0.11966492925186874,0.057552584334580055,0,0.05911159155815239,0.18735212277210384,0,2.497825179865819,0.662419201252995,1,-0.10020135642174548,0.21752456803225606,0,1.9984014443252818e-16,0.14539493326955272,0,2.351487947106003,0.5658307161474033,1,-0.0922717526761397,0.18368264479802138,0,0.03388103418577035,0.15036036735631153,0,1.4669766929370682,0.3777677519687004,1
6,1000,0.3,ab,0.8019999999999999,0.01691153452528774,0.0007208730677822544,0.09280523346287671,0,1.8951752951997805,0.5544980753547226,1,0.08866738733722843,0.04499541631667534,0,0.05118198781254644,0.11740276086040549,0,1.706306551440806,0.5200118694267166,1,0.0,0.0,0,0.014417461355647213,0.028834922711294106,0,2.223172541040746,0.6364635630479187,1,0.0,0.0,0,0.0,0.0,0,1.792090446506905,0.19304598511039872,1,-0.0028834922711292953,0.00576698454225875,0,-0.024509684304599433,0.04061273726377395,0,2.2188473026340523,0.3858294219688732,1,0.0007208730677823461,0.0014417461355646921,0,0.0,0.0,0,2.0451168932985073,0.3716909897913118,1,0.0,0.0,0,0.037485399524682016,0.07497079904936403,0,1.386959782413228,0.41324579123267097,1
6,1000,0.3,bag,0.732,0.03140063693621516,-0.06776206837153975,0.4904978425690494,0,1.3220812063128178,0.7687576424339444,1,0.12038580231965172,0.2801832478657736,0,-0.14273286742090355,0.34284013742740294,0,1.0135475333019748,0.5812374109731374,1,-0.007929603745605519,0.28321597381216523,0,-0.16507993252215586,0.3217178243110353,0,1.7380249664232295,0.47562000992613096,1,0.08794651426944633,0.21484678195985377,0,-0.05766984542258705,0.16598875290770543,0,1.245668661127889,0.22919456047540498,1,0.053344607015893906,0.389020405023927,0,0.0007208730677826791,0.30696329347176565,0,1.8598525148784457,0.4594003649955838,1,-0.0050461114744758395,0.28683683396375903,0,0.0014417461355650917,0.5460850205664454,0,1.6161974179680132,0.5724186090486362,1,0.12903627913303972,0.18048335327437712,0,0.08217952972718742,0.3961943563790333,0,0.5824654387681336,0.7419377463287237,1
6,1000,0.3,mlp,0.778,0.03218695387886216,0.29844145006188993,0.30975237118115834,0,1.6630541673738652,0.5713963891472396,1,-0.1794973938778036,0.41800320716258266,0,0.09010913347279265,0.3803519225816196,0,1.5311343959696964,0.4223750266241752,1,0.4087350294325883,0.4058880273193223,0,0.17156779013219745,0.2134149556668353,0,2.173432299363764,0.48676283333302833,1,0.3849462181957709,0.4699705414270494,0,0.31357978448531915,0.11111738658432038,0,1.8346219575060627,0.8049638076706671,1,0.2962788308585428,0.3147616121623962,0,0.22707501635143795,0.15205125295011987,0,2.2700292904465984,0.939332184248627,1,0.03748539952468173,0.16660747477792642,0,0.04253151099915818,0.4682146879510476,0,2.0047480015026955,0.8564214760019435,1,0.2357254931648261,0.4870915368080093,0,0.19031048989453841,0.17250418707485096,0,1.7286536165420585,0.4850013428112947,1
6,1000,0.3,svm,0.8029999999999999,0.0358608421540822,0.10020135642174596,0.3861915571966801,0,1.676029882593948,0.6560222169832559,1,-0.05334460701589314,0.6221322517012945,0,-0.072087306778234,0.48850520724811136,0,1.6046634488834957,0.388251553568235,1,0.0490193686091996,0.33495861803861965,0,-0.023067938169034803,0.19343860136322796,0,2.1229711846190007,1.0210499673193014,1,0.07929603745605807,0.5769867314017015,0,-0.10380572176065717,0.4135914600912794,0,1.867782118624051,0.7510355781883885,1,-0.06343682996484604,0.19674156725867442,0,0.055507226219240535,0.3364215055258296,0,2.3118399283779745,0.9733964809856986,1,0.007208730677823749,0.46996832997268484,0,0.11101445243848107,0.18598525148784423,0,2.334907866547009,0.8958146649956928,1,0.0028834922711295174,0.3459619987106614,0,-0.14417461355646846,0.24979057956828735,0,1.291804537465959,0.6930196386168841,1
6,1000,0.3,knn,0.727,0.022494443758404006,0.47433447860078204,0.7597112960017398,0,1.3530787482274582,0.8762169882761157,1,-0.05262373394811075,0.5078989458025764,0,-0.3128589114175365,0.5027819636103327,0,1.0546372981655678,0.6058448169938445,1,-0.21121580886022634,0.6425102467228352,0,-0.12759453299747442,0.39464492206298657,0,1.1375377009605372,0.4412461633600351,1,-0.07352905291379871,0.39940271409147765,0,0.13624500981086307,0.5664906596855005,0,0.6768998106476204,0.4499275993801854,1,0.08866738733722855,0.2539233811769918,0,0.3640408992300835,0.6284508396434687,0,1.5332970151730438,0.3593073195510914,1,-0.19175223603010313,0.37920527190072,0,0.24798033531712615,0.31516583714165275,0,1.223321596026636,0.4617561987477211,1,-0.09155087960835728,0.49248136036331724,0,0.13408239060751592,0.6239296951581104,0,0.9760621337772927,0.6757445834850349,1
6,1000,0.3,SuperLearner,0.821,0.018275666882497037,0.011533969084517221,0.15761259489310223,0,2.1063911040600063,0.35774193023254297,1,-0.07569167211714627,0.14179410157178068,0,-0.14201199435312184,0.16376040335912043,0,1.4965324887161437,0.708832695079231,1,-0.09010913347279297,0.1281249217895783,0,-0.1643590594543745,0.15151373178041347,0,2.528822721780459,0.5721007808063869,1,-0.07497079904936388,0.18903375710881742,0,-0.1535459634376392,0.23922344092791895,0,2.2210099218373984,0.6523459166072082,1,-0.19175223603010333,0.15279108313955297,0,-0.015138334423429317,0.06836522413337229,0,2.5800047095930054,0.45716881077931165,1,-0.1211066753874337,0.2113965648621527,0,0.005766984542258545,0.23954905986738856,0,2.3421165972248326,0.7034088647367466,1,-0.17589302853889177,0.29851805475929066,0,-0.12903627913303972,0.2778252659129892,0,1.4965324887161437,0.5375963765946351,1
6,1000,0.3,TabICL,0.827,0.021118712081942843,-0.04469413020250516,0.08208462320548221,0,2.5576576444917527,0.29886774922224707,1,-0.11822318311630413,0.1723534994143428,0,-0.04469413020250508,0.1485173478516224,0,1.893733549064215,0.7140414215729799,1,0.021626192033470354,0.11715019098551306,0,0.013696588287864724,0.11532617368308637,0,2.849611236943602,0.6613066516176511,1,-0.026672303507946492,0.18822380942516606,0,-0.06704119530375768,0.10534617134837138,0,2.5403566908649773,0.4941341690736286,1,-0.09155087960835742,0.19744027708834425,0,0.07857516438827541,0.12176995030446516,0,2.712645354064957,0.3246698978677412,1,0.02667230350794676,0.17598163815402623,0,-0.07641254518492832,0.21189744710896985,0,2.614606616846558,0.5694970234816976,1,0.026672303507946804,0.06360862387398944,0,0.049019368609199435,0.23599759246404275,0,1.7553259200500055,0.42263700431361917,1
6,2000,0.3,lr,0.799,0.014543039572248995,-0.11822318311630409,0.1646788728575918,0,1.7992991771847282,0.3880959267601654,1,-0.15138334423429212,0.2087826872494387,0,-0.05694897235480504,0.13345208299821984,0,1.496532488716144,0.4944797793316116,1,-0.04217107446526713,0.0340531464338323,0,0.019463572830123305,0.1323317589776068,0,2.176315791634894,0.5346145044858298,1,-0.0760521086510374,0.10057664856136606,0,-0.021986628567361548,0.1180912424668311,0,2.237950438930284,0.5141086093680345,1,-0.1203858023196513,0.19102932274463025,0,-0.12399016765856304,0.16986238501922485,0,2.084044038958754,0.6558564418461231,1,-0.06776206837154024,0.11272850677334384,0,-0.09875961028618105,0.31655563027398814,0,1.8926522394625416,0.4259475419042587,1,-0.049740241676981815,0.18989430404578633,0,-0.04901936860919951,0.0805428481710603,0,2.10458892139055,0.5424221361971001,1
6,2000,0.3,dt,0.6539999999999999,0.009949874371066215,-0.007208730677823194,0.1501641065328579,0,0.6812250490543138,0.28707813948467636,1,0.13984937514977464,0.07865944150024698,0,-0.07316861637990749,0.14554943158843028,0,0.8708146658810701,0.21437460928562022,1,0.11137488897237194,0.09688571576394196,0,0.029555795779076306,0.1349140475686408,0,1.0632877749789558,0.512377996621834,1,0.039648018728029075,0.13616679742576032,0,0.012975715220082135,0.10480834989227805,0,0.6343682996484616,0.35975105264977364,1,-0.03316016111798801,0.15036555139214644,0,0.10993314283680751,0.2159884163478138,0,0.9973278892768713,0.09082428514555652,1,0.004685674940585266,0.2173034766664966,0,0.12362973112467199,0.3034087860842919,0,0.866128990940485,0.2434870840899049,1,0.08722564120166353,0.06664275598158909,0,-0.21265755499579134,0.09774411470576781,0,1.265853107025794,0.4190461867197453,1
6,2000,0.3,rf,0.7764999999999999,0.0037416573867739447,0.07893560092216652,0.29314017671862247,0,1.6230457121119453,0.15715446216868198,1,0.04217107446526699,0.30052410568152926,0,-0.025590993906273375,0.3376261171381558,0,1.488242448436647,0.30619375253803915,1,0.06632032223597548,0.3517118199994966,0,-0.0064878576100410364,0.24582617195740844,0,2.009433676443281,0.35810235803957374,1,0.10957270630291607,0.14625198155501182,0,-0.007569167211714661,0.15264136131707792,0,1.9304980755211147,0.47177466186132366,1,0.011533969084517409,0.19919980844284474,0,-0.04000845526192015,0.20150755583554691,0,1.6947725823562887,0.26133413543646067,1,-0.059111591558152134,0.24594188209417955,0,0.02955579577907596,0.13849677080487532,0,1.8342615209721722,0.24929183193340074,1,-0.0028834922711294285,0.22786488659746332,0,0.12723409646358347,0.24781840033804375,0,2.226056033311875,0.13375741011024764,1
6,2000,0.3,et,0.785,0.010839741694339393,0.2587934313338614,0.23639965871477214,0,1.8252506076248927,0.4317081846545667,1,0.20472795125018567,0.10908550811484964,0,0.07821472785438449,0.19873621990170237,0,1.6205226563747075,0.3154558994694937,1,0.28798879057904625,0.19563902734160943,0,0.20725100698742396,0.2853897235841815,0,2.07034745067089,0.5305625778878046,1,0.1575107653104424,0.07424117700656821,0,0.10560790443011356,0.07483377726598993,0,2.1099954693989185,0.34792376841788636,1,0.11389794470961037,0.213728227504206,0,0.2004027128434917,0.2728897347208151,0,1.8973379144031273,0.5061514649154599,1,0.16796342479328613,0.20850996474391525,0,0.27032740041837894,0.23330297030867334,0,1.9787965710625322,0.30657664567156756,1,0.2101344992585532,0.30546140331421856,0,-0.000360436533890951,0.3171153317476342,0,2.2772380211244223,0.4016573157962163,1
6,2000,0.3,gb,0.7754999999999999,0.009273618495495703,0.14525592315814206,0.1581433519546108,0,1.629173133188095,0.1407872668126575,1,-0.002162619203347227,0.1141929836612763,0,-0.059111591558152266,0.10049911689383667,0,1.3148724756349934,0.45080164875862544,1,0.04649631287196115,0.10173891817647952,0,0.07424992598158123,0.05564514419928896,0,1.8519229111328392,0.3003943897590383,1,-0.005766984542258747,0.029246487564142852,0,0.020905318965688157,0.055926928940723354,0,1.8865248183863912,0.41704142454957704,1,0.056588535820914034,0.06462376772593856,0,-0.08326083932886065,0.13294881232174074,0,1.698016511161309,0.22417703661326116,1,0.10452659482843943,0.07247374028828324,0,0.0028834922711292953,0.14039269040046015,0,1.6893660343479209,0.0658189087500864,1,-0.01766139016066765,0.107862702923483,0,-0.024149247770708766,0.21729151937327887,0,1.9474385926139999,0.2605475015045006,1
6,2000,0.3,hgb,0.7685000000000001,0.009565563234854496,-0.011173532550626076,0.12295271567529777,0,1.419759506997325,0.2854088420932902,1,-0.0479380590075255,0.18602366614343133,0,-0.07749385478660188,0.15290327829588277,0,1.2586443763479713,0.4348642508251433,1,-0.076052108651037,0.1845435053522797,0,-0.03532278032133464,0.11044071837027089,0,1.708108734110262,0.4317593399407005,1,-0.17012604399663256,0.20709454981798583,0,-0.1279549695313657,0.188405247960008,0,1.6965747650257446,0.24230773243092327,1,-0.28005918683344005,0.14042970012599432,0,-0.14309330395479494,0.14302837433152776,0,1.4785106620215858,0.3568277995978305,1,-0.14201199435312156,0.15974456096752374,0,0.046856749405852466,0.16888288315955174,0,1.4327352222174068,0.1794959463356861,1,-0.06235552036317247,0.1479924492935823,0,-0.1048870313623308,0.1949105340283106,0,1.7715455640751085,0.3423862504983192,1
6,2000,0.3,ab,0.766,0.0115758369027902,-0.05803028195647848,0.11606056391295698,0,1.4035398629722224,0.2677594682705481,1,-0.015498770957320112,0.052783958348979594,0,0.0,0.0,0,1.3065824353554973,0.2681148774278355,1,-0.08470258546442513,0.11900957205585903,0,0.0,0.0,0,1.867061245556269,0.266064669405017,1,0.0,0.0,0,0.0,0.0,0,1.7275723069403857,0.3825361006806235,1,0.0,0.0,0,-0.08362127586275178,0.15154459660992345,0,1.7117130994491743,0.16907278309886195,1,0.0,0.0,0,-0.02739317657572899,0.05478635315145798,0,1.5704219781638349,0.26990560089185306,1,-0.0010813096016734534,0.0021626192033469068,0,-0.11750231004852177,0.2350046200970435,0,1.6936912727546154,0.2726396836417718,1
6,2000,0.3,bag,0.7154999999999999,0.027175356483402382,0.05370504354978498,0.1886650285242991,0,0.9083000654057525,0.41100355274153827,1,-0.10885183323513344,0.21929416075822,0,-0.13804719248031833,0.12760471441425258,0,0.7003281853505465,0.40981427848601226,1,-0.09335306227781304,0.16022772234452268,0,-0.08686520466777209,0.14989740345287456,0,1.4230034358023453,0.6287976231616005,1,-0.06848294143932239,0.16431320806103972,0,-0.0461358763380695,0.2543047697838977,0,1.209985444272663,0.36375636435294956,1,0.006127421076150263,0.27701746040998804,0,0.06595988570208473,0.09595061542315464,0,0.9479480841337814,0.41118526485682105,1,0.03856670912635551,0.21728554047991508,0,-0.08938826040501023,0.29663423087320123,0,1.1267246049438024,0.6824600933181063,1,-0.13300108100584193,0.1168748461322629,0,0.02054488243179714,0.24431004053874314,0,1.3617292250408464,0.5161252317313985,1
6,2000,0.3,mlp,0.7525000000000001,0.016124515496597065,0.17264909973387169,0.30617465895919466,0,1.5012181636567299,0.27340720776350713,1,0.014777897889538621,0.1557044108659581,0,0.19824009364014486,0.16952782832273075,0,1.3862389093454461,0.22684719771911413,1,-0.1593129479798973,0.20588972788510887,0,0.025590993906273656,0.1767146479846872,0,1.7445128240332708,0.6514365627081897,1,0.06920381450710548,0.14715613309503228,0,0.12218798498910773,0.25463610299661726,0,1.8014617963880757,0.8238412314697753,1,0.12867584259914872,0.16818758121623772,0,-0.08290040279496888,0.24121526663810974,0,1.6965747650257448,0.30851472424669574,1,0.18238088614893339,0.28948102933400377,0,0.04325238406694117,0.2522205993743728,0,1.5242861018257645,0.4511326523683703,1,0.15210421730207496,0.15804474141409655,0,-0.06704119530375735,0.24758448218052606,0,2.0227698281972546,0.37852289038754905,1
6,2000,0.3,svm,0.7874999999999999,0.006892024376045141,0.08650476813388093,0.2449351233065323,0,1.8602129514123362,0.20867189780823375,1,0.042171074465266786,0.23977727183390238,0,-0.0003604365338914173,0.19050494436110665,0,1.5931294797989781,0.3351904735136698,1,-0.02775361310962047,0.21403254321724782,0,0.029195359245184592,0.28128694339693194,0,2.192535435659996,0.28325954807634623,1,-0.0036043653389120434,0.2293265939793443,0,-0.13588457327697193,0.16761500237992677,0,2.2029880951428398,0.7284480312042244,1,-0.05730940888869649,0.07775243474406877,0,0.048658932075307845,0.18177225724532978,0,1.8955357317336705,0.3895773737130628,1,-0.015138334423429451,0.2081988250003717,0,0.17553259200500027,0.25863826658804057,0,2.0097941129771724,0.20016206123980576,1,-0.03928758219413793,0.20665747406596557,0,0.05983246462593429,0.1417363680012402,0,2.1074724136616796,0.3127451123680844,1
6,2000,0.3,knn,0.6915,0.014882876066137208,0.3168237132903401,0.6939731616333622,0,0.8246787895430006,0.30954888853335455,1,-0.08902782387111914,0.5220902975584777,0,-0.23608592969871714,0.3464730749079303,0,0.7763802940015835,0.5880015837896544,1,-0.20616969738574992,0.2744733080399504,0,0.009371349881170766,0.41547155133776387,0,1.2802705683814417,0.4445551793819493,1,-0.24005073157152004,0.3874355758428565,0,-0.44838304816061714,0.29429902337628283,0,0.8744190312199823,0.4319834490157286,1,-0.29015140978239273,0.5261163571483907,0,-0.0118944056184084,0.5452698370766029,0,1.062566901911174,0.5256576060752843,1,-0.1849039418861708,0.6200269024996474,0,0.23608592969871753,0.5972303938657909,0,0.8499093469153823,0.18418483219807785,1,-0.1319197714041685,0.38864419213764406,0,0.06668075876986695,0.2998779975485397,0,1.3231625159144909,0.6013431790200852,1
6,2000,0.3,SuperLearner,0.7975000000000001,0.009746794344808983,-0.0720873067782345,0.21137997126688798,0,1.7459545701688348,0.28655815202075086,1,-0.1683238613271772,0.1889134491068283,0,-0.10308484869287515,0.09800560326139539,0,1.4799524081571502,0.5057406242850019,1,-0.10452659482843991,0.21906714596102772,0,0.008290040279496768,0.1847517652113923,0,2.196139800998908,0.23321552864985548,1,-0.06920381450710511,0.1426645865936916,0,-0.11822318311630431,0.19222658542585444,0,2.136667772906865,0.5287379135251095,1,-0.11137488897237229,0.21855475748929218,0,-0.09731786415061645,0.14842372084999647,0,2.006910620706043,0.5184545965765598,1,-0.1924731090978858,0.22938437013698143,0,-0.07785429132049333,0.268921405664093,0,1.939869425402285,0.2585478364355033,1,-0.10957270630291634,0.24155810051802895,0,-0.1153396908451751,0.10030891104444177,0,2.0916132061704684,0.3998126716100144,1
6,2000,0.3,TabICL,0.8010000000000002,0.0060415229867972955,-0.013696588287864164,0.11191307699035657,0,1.8876061279880652,0.19051585521910608,1,-0.03820627259246408,0.09377170509865071,0,0.048658932075308504,0.1102016650926213,0,1.6518806348232395,0.36521061715971215,1,0.018021826694558717,0.023662871197143536,0,-0.004325238406693871,0.0820149552900522,0,2.3021081419629126,0.24956319514796843,1,-0.10344528522676599,0.13186067020887082,0,0.005406548008367805,0.08996484333463217,0,2.3230134609286006,0.6005709864803355,1,-0.00036043653389097386,0.07113852146908506,0,-0.021265755499578865,0.15138935139066978,0,2.1694674974909613,0.43337213720074014,1,0.0014417461355649142,0.12024975237985057,0,0.027753613109620417,0.15127431583000958,0,1.9957370881554168,0.17590115294526257,1,0.025230557372382133,0.10500401510204599,0,-0.03135797844853179,0.12764034297740826,0,2.1903728164566494,0.3271457480052064,1
6,5000,0.3,lr,0.8102,0.007467261881037743,0.02306793816903499,0.059171341078801086,0,2.133063407567953,0.180042865258583,1,-0.032439288050205344,0.04557833630425817,0,-0.005334460701589204,0.030477162917668353,0,2.258639495975637,0.16914539609732968,1,-0.00807377835916236,0.04735735553358528,0,-0.03633200261623014,0.03571516853759239,0,2.2279303032881095,0.06540126618420194,1,-0.015859207491211676,0.06853224658450778,0,-0.004181063793137532,0.017309361769417587,0,2.1855429669025077,0.2864961798405072,1,0.02523055737238202,0.08572753941579189,0,-0.07857516438827541,0.08665721859875893,0,2.233697287830368,0.07784174177786583,1,-0.011822318311630437,0.034416989781185445,0,-0.019751922057236186,0.07318420404350673,0,2.1680978386621748,0.15708060686840786,1,-0.017012604399663366,0.02914182315841771,0,-0.008362127586275196,0.033039587449003475,0,2.5735168519829648,0.23487765907141706,1
6,5000,0.3,dt,0.6668000000000001,0.009195651146058128,0.038062097978906875,0.12766285510142514,0,1.0061946280105936,0.2672961563618478,1,0.043396558680496126,0.108039995782838,0,0.049884416290537505,0.07392292336094873,0,1.0118174379392957,0.2556987071488644,1,-0.022347065101253127,0.06033152040259568,0,0.012110667538742587,0.03624608280004182,0,0.9323772258696815,0.20738484557211465,1,-0.0033160161117995134,0.15377126557724827,0,-0.012687365992969931,0.09156688499709,0,0.8255438372243381,0.30813235056584976,1,0.03561112954844704,0.17788752030411858,0,0.020761144352130702,0.13844321754652034,0,1.0190261686171191,0.22253369116356916,1,-0.012543191379413574,0.07989355263639852,0,0.10553581712333418,0.04085156573280989,0,1.0556465204604621,0.1923867469484711,1,-0.016435905945438107,0.04016602268006307,0,0.09385767342526033,0.11131400638245766,0,1.1582988453126677,0.23792716737575825,1
6,5000,0.3,rf,0.778,0.011081516141756065,-0.09256010190325303,0.14513851471083053,0,1.5527605880031665,0.15488675446390068,1,-0.06242760766995096,0.13042631926431703,0,-0.024942208145269103,0.13886612581017285,0,1.643590594543742,0.13378906974963464,1,-0.0973178641506164,0.06319059991167703,0,-0.09991300719463284,0.08573796497314871,0,1.4400160402020084,0.0992132970378283,1,-0.11908823079764308,0.10124856632199455,0,-0.18915709298608688,0.0952552408498176,0,1.6512318490622344,0.14035648544970644,1,-0.08809068888300231,0.08205600318470374,0,-0.14604888353270276,0.11322215166717084,0,1.601779956612366,0.10324452695400217,1,-0.12254842152299839,0.14067482832975275,0,-0.11087027782492449,0.13401214521765012,0,1.8070846063167774,0.19823951694085126,1,-0.10957270630291623,0.05212864383668717,0,-0.11360959548249736,0.1480235919726187,0,2.1084095486497967,0.16563799639468207,1
6,5000,0.3,et,0.7817999999999999,0.015406492138056619,-0.031141716528197565,0.17362442960771102,0,1.5553557310471828,0.3278958643291448,1,-0.008217952972718962,0.12514290016611007,0,-0.06877129066643581,0.06612037031679653,0,1.6767507556617296,0.12183991783849471,1,-0.14230034358023486,0.12618170085659663,0,-0.10351737253354483,0.17299968405531346,0,1.5948595751616552,0.23152333187616217,1,-0.1673867263390605,0.15583828577271444,0,-0.04887519399564323,0.07029662016984693,0,1.6316241016185544,0.22902290522933097,1,0.031141716528196955,0.1549735596977682,0,-0.013696588287864875,0.2408044086041035,0,1.6604590243298483,0.16422153015606203,1,0.007929603745605366,0.12311110689299962,0,-0.12802705683814447,0.11438745150173238,0,1.7713293021547727,0.33059160293434514,1,-0.06559944916819349,0.14826941371345748,0,-0.11029357937069886,0.17203239678112045,0,2.15930318723523,0.31628690106875346,1
6,5000,0.3,gb,0.792,0.012601587201618704,-0.0030276668846859075,0.06184973295477928,0,1.8514903872921695,0.28797867652523773,1,-0.014561635969203356,0.10518563239697093,0,0.0017300953626774712,0.015424662378681725,0,1.9274704086364287,0.19543420616196258,1,0.007497079904936345,0.03144395106835799,0,-0.058534893103926275,0.041624786487257474,0,1.8555272764717508,0.22771146775203155,1,-0.01831017592167161,0.015111535417257087,0,0.004036889179580979,0.014536633755027372,0,2.0061897476382606,0.132345698856308,1,0.00028834922711276634,0.11376519019878233,0,-0.06286013151062027,0.07118693631292419,0,1.8856597707050529,0.18744329973612972,1,-0.021193668192800996,0.06368798302875549,0,0.01081309601673508,0.07822054113083168,0,2.00172033461801,0.20768221718853233,1,0.024653858918156017,0.02963621317290547,0,-0.02148201741991397,0.027047249725603607,0,2.256332702158734,0.3270104626520639,1
6,5000,0.3,hgb,0.7832,0.00994786409235672,-0.02306793816903451,0.09301329965010459,0,1.8134282893132625,0.13292289506683477,1,0.022347065101253078,0.12675154424446267,0,0.0480101463143046,0.11509397182639784,0,1.9000772320606998,0.19510953946712203,1,0.031285891141754216,0.1114243126350857,0,0.033736859572214145,0.1750516124978892,0,1.748982237053521,0.1684446992591128,1,-0.059399940785264546,0.08135920477796321,0,-0.015282509036985173,0.10442403138808394,0,1.8555272764717514,0.1658653581765727,1,0.0529120831752245,0.10698261508025503,0,0.026095605053721282,0.13271850725205372,0,1.8984913113115787,0.14593903895336685,1,0.02465385891815667,0.14911056839847067,0,0.04382908252116687,0.06261130155253812,0,1.8031918917507532,0.15903355222786653,1,0.06603197300886313,0.09890903893706152,0,0.06329265535129028,0.15093877093592858,0,2.1523828057845207,0.31969152801644923,1
6,5000,0.3,ab,0.785,0.010881176406988364,0.0,0.0,0,1.948087378375004,0.3419539794017403,1,0.0,0.0,0,0.0,0.0,0,2.088225102751891,0.40605504635159184,1,0.0,0.0,0,0.0,0.0,0,2.0762586098267044,0.22321443141176872,1,0.0,0.0,0,0.0,0.0,0,1.9746155072693938,0.23974612638740972,1,-0.008650476813387925,0.020697971847298893,0,0.0,0.0,0,1.9939349054859608,0.2775520460193109,1,0.0,0.0,0,0.0,0.0,0,2.1990953805768156,0.2243333822517389,1,0.0,0.0,0,0.0,0.0,0,2.2471055268911195,0.26639099299290314,1
6,5000,0.3,bag,0.7428000000000001,0.011070682002478448,0.06949216373421735,0.09664496564548869,0,1.3125656818180897,0.3169676173919401,1,0.019175223603009807,0.07428225325072074,0,0.013119889833638279,0.06116369029619811,0,1.4292029441852725,0.21028034198109347,1,0.007929603745605427,0.03131942532634043,0,0.04728927324652117,0.06633379805901697,0,1.1871337680239618,0.2786837475346955,1,-0.011245619857404989,0.03410148697104386,0,0.02796987502995434,0.1047132585692694,0,1.3111239356825246,0.17794990775172495,1,-0.10625669019111786,0.09418542507847774,0,-0.038927145660246916,0.12752650028255544,0,1.4097393713551492,0.08350510975255956,1,-0.04368490790761047,0.1420530452514802,0,0.02926744655196259,0.12051445474325659,0,1.6257129424627395,0.40975515852880845,1,0.03243928805020502,0.12512745185056254,0,-0.047000924019409196,0.11685385781869038,0,1.9280471070906535,0.3382385598081042,1
6,5000,0.3,mlp,0.7452,0.010533755265810962,-0.032583462663762074,0.12264455676361816,0,1.479664058930037,0.21592746495797413,1,-0.11000523014358574,0.16458187320055967,0,0.08967660963212329,0.24052958044244857,0,1.4668325183235114,0.2835916481072697,1,-0.18151583846759406,0.20212612382326228,0,-0.0823237043407437,0.1737871725554301,0,1.494802393353466,0.12694294312797902,1,-0.009083000654057719,0.10679884730713533,0,-0.08866738733722832,0.24706456055527176,0,1.3575481612477078,0.2539796131797361,1,-0.001441746135564817,0.13450726509524386,0,-0.09212757806258362,0.3577583152500173,0,1.4320864364564023,0.34135744361195347,1,0.12442269149923217,0.24668887281326743,0,-0.025518906599495093,0.1740514247235218,0,1.3362103184413505,0.2521818003529329,1,0.0073529052913796755,0.12975587064237212,0,0.0353227803213346,0.15289104282518606,0,1.6444556422250804,0.1205910114955061,1
6,5000,0.3,svm,0.7942,0.015065191668213173,-0.03964801872802877,0.17425456975019218,0,1.9075743119656359,0.33883224342089535,1,0.02205871587413969,0.11889170490966056,0,-0.07064556064266958,0.10658590381647365,0,1.815590908516609,0.23565321841774453,1,-0.03561112954844774,0.14858283416211118,0,0.07713341825271067,0.12098561118303858,0,1.850625339610831,0.3084034167637528,1,-0.07136643371045186,0.1601578151348902,0,0.08736981581521995,0.14617300882222667,0,1.9493849498970124,0.291748792669061,1,0.017589302853889183,0.13137036991672058,0,-0.05074946397187692,0.10678327572734368,0,1.9946557785537429,0.21158183300765745,1,0.040368891795811185,0.05226205451484122,0,-0.02205871587413972,0.11131606045821064,0,1.8565364987666464,0.3179795860964245,1,0.06069751230727323,0.09167782419016199,0,-0.014129112128533867,0.12159023966407581,0,2.1382536936559857,0.27764729180299197,1
6,5000,0.3,knn,0.7183999999999999,0.007863841300535006,0.0397921933415853,0.2035020456953199,0,1.1229760649913338,0.28347141610617643,1,0.22087550796850985,0.2673568840265738,0,0.13249646985839475,0.20070452620212095,0,1.1371051771198677,0.32734324517820035,1,0.14518383585136388,0.25950092785664164,0,0.10423824560132666,0.14784514374751428,0,1.21784296071149,0.13230297142590164,1,0.07078973525622596,0.19192040213933326,0,0.2040070781824029,0.3251273395854715,0,1.1365284786656418,0.1555580610081042,1,0.04382908252116639,0.21152111045556732,0,0.11187950011981965,0.20526607127098476,0,1.2639788370495602,0.2685882891542621,1,0.112600373187602,0.22907635714690056,0,-0.030853367301084338,0.15764384791115374,0,1.0728032994736827,0.1270229893765907,1,0.09457854649304341,0.20695481111788055,0,0.1425886928073475,0.24940182951426898,0,1.403395688358665,0.20602668302648888,1
6,5000,0.3,SuperLearner,0.8090000000000002,0.011278297743897313,0.020472795125018532,0.08763468609739221,0,2.1098512947853614,0.22543506974172245,1,-0.01153396908451747,0.049010887015813215,0,-0.030276668846858434,0.10237311304489112,0,2.1918866498989926,0.14895658902960357,1,0.0185985251487844,0.10773654803869522,0,-0.03662035184334307,0.07416014750300083,0,2.164493473323263,0.15459499001513993,1,-0.029555795779076067,0.040771092037824315,0,0.009803873721839862,0.11262575318179087,0,2.1598798856894565,0.1687288998363298,1,0.042243161772045325,0.11053746425277114,0,-0.06286013151062027,0.036548762177306494,0,2.1787667600653533,0.11008900092229236,1,0.023067938169034907,0.030249194550050415,0,-0.0004325238406694243,0.0742136635101585,0,2.1461832974015915,0.25502096982479633,1,0.02753735118928554,0.08819362745991599,0,0.009371349881170466,0.07759755759148246,0,2.5288227217804593,0.2976177519162417,1
6,5000,0.3,TabICL,0.8106,0.009830564581955565,0.036332002616230305,0.09439044893904683,0,2.134793502930631,0.2549297457497327,1,0.017589302853889398,0.05181788849639131,0,0.008506302199831749,0.043043789041533394,0,2.3190486590557975,0.17787431566083506,1,-0.02710482734861595,0.049022760835673994,0,0.02018444589790584,0.09438978828771517,0,2.257341924453629,0.09729660942354729,1,-0.004181063793137438,0.07231244430773294,0,0.02162619203347036,0.04673348433115289,0,2.209331778139325,0.21489002463554305,1,0.0474334478600784,0.11168685371918438,0,-0.028258224257067737,0.10130295618308569,0,2.2708943381279374,0.11698719402525184,1,0.05666062312769238,0.07941469613001415,0,0.019607747443679942,0.08106460445421063,0,2.1872730622651853,0.15562005027891943,1,0.01744512824033286,0.05443503418207714,0,-0.017589302853889217,0.03339315617742292,0,2.5915386786775234,0.3157822302367914,1
